<application>
  <component name="dataSourceStorage" format="xml" multifile-model="true">
    <data-source source="LOCAL" name="Stage Main DB" uuid="e44dbcef-db2d-4f21-bd75-63796316342e">
      <driver-ref>mysql.8</driver-ref>
      <synchronize>true</synchronize>
      <jdbc-driver>com.mysql.cj.jdbc.Driver</jdbc-driver>
      <jdbc-url>jdbc:mysql://10.200.32.202:3306</jdbc-url>
    </data-source>
    <data-source source="LOCAL" name="@localhost" uuid="740a38f6-0ab8-447c-9a6d-c40239147bbe">
      <driver-ref>mysql.8</driver-ref>
      <synchronize>true</synchronize>
      <jdbc-driver>com.mysql.cj.jdbc.Driver</jdbc-driver>
      <jdbc-url>jdbc:mysql://localhost:3306</jdbc-url>
    </data-source>
    <data-source source="LOCAL" name="Stage Pheonix DB" uuid="c346cd64-e1b9-443b-9cfb-d679955d9363">
      <driver-ref>mysql.8</driver-ref>
      <synchronize>true</synchronize>
      <jdbc-driver>com.mysql.cj.jdbc.Driver</jdbc-driver>
      <jdbc-url>jdbc:mysql://10.200.32.120:3306</jdbc-url>
    </data-source>
    <data-source source="LOCAL" name="Prod Pheonix DB Local" uuid="f51a384a-4c7a-430d-895d-fa9477286e61">
      <driver-ref>mysql.8</driver-ref>
      <synchronize>true</synchronize>
      <jdbc-driver>com.mysql.cj.jdbc.Driver</jdbc-driver>
      <jdbc-url>jdbc:mysql://10.200.32.27:3306</jdbc-url>
    </data-source>
    <data-source source="LOCAL" name="Stage Main DB Local" uuid="8f866ecf-8e41-4dd1-a987-4146f8b0902d">
      <driver-ref>mysql.8</driver-ref>
      <synchronize>true</synchronize>
      <jdbc-driver>com.mysql.cj.jdbc.Driver</jdbc-driver>
      <jdbc-url>jdbc:mysql://localhost:3306</jdbc-url>
    </data-source>
    <data-source source="LOCAL" name="Stage Pheonix DB Local" uuid="38a4811d-0672-4225-8b3e-3a906671729b">
      <driver-ref>mysql.8</driver-ref>
      <synchronize>true</synchronize>
      <jdbc-driver>com.mysql.cj.jdbc.Driver</jdbc-driver>
      <jdbc-url>jdbc:mysql://127.0.0.2:3306</jdbc-url>
    </data-source>
  </component>
</application>