<application>
  <component name="FileTypeManager" version="18">
    <extensionMap>
      <mapping ext="gradle.kts" type="Kotlin" />
      <mapping ext="main.kts" type="Kotlin" />
      <mapping pattern="env" type="PLAIN_TEXT" />
      <mapping pattern="che_kubectl" type="PLAIN_TEXT" />
      <mapping pattern="temp" type="PLAIN_TEXT" />
      <mapping pattern="load-festival-group-artists.js" type="PLAIN_TEXT" />
      <mapping pattern="README" type="PLAIN_TEXT" />
      <mapping pattern="config2" type="PLAIN_TEXT" />
      <mapping pattern="dockerFile" type="PLAIN_TEXT" />
      <mapping pattern="prod" type="PLAIN_TEXT" />
      <mapping pattern=".gitignote" type="PLAIN_TEXT" />
      <mapping pattern="config" type="PLAIN_TEXT" />
      <mapping pattern="gemfile.lock" type="PLAIN_TEXT" />
      <mapping ext="puppet" type="PLAIN_TEXT" />
      <mapping ext="onf" type="PLAIN_TEXT" />
      <mapping ext="dev" type="PLAIN_TEXT" />
      <mapping ext="p12" type="PLAIN_TEXT" />
      <mapping ext="enc" type="PLAIN_TEXT" />
      <mapping pattern="odds-prod" type="YAML" />
      <removed_mapping ext="apk" approved="true" type="ARCHIVE" />
      <removed_mapping ext="psd" approved="true" type="Image" />
    </extensionMap>
  </component>
</application>