<application>
  <component name="FileTypeManager" version="17">
    <extensionMap>
      <mapping ext="gradle.kts" type="Kotlin" />
      <mapping pattern="env" type="PLAIN_TEXT" />
      <mapping pattern="che_kubectl" type="PLAIN_TEXT" />
      <mapping pattern=".gitignote" type="PLAIN_TEXT" />
      <mapping pattern="README" type="PLAIN_TEXT" />
      <mapping pattern="config2" type="PLAIN_TEXT" />
      <mapping pattern="config" type="PLAIN_TEXT" />
      <mapping pattern="prod" type="PLAIN_TEXT" />
      <mapping pattern="dockerFile" type="PLAIN_TEXT" />
      <mapping ext="dev" type="PLAIN_TEXT" />
      <mapping ext="onf" type="PLAIN_TEXT" />
      <mapping ext="enc" type="PLAIN_TEXT" />
      <mapping ext="puppet" type="PLAIN_TEXT" />
      <mapping ext="p12" type="PLAIN_TEXT" />
      <mapping pattern="odds-prod" type="YAML" />
    </extensionMap>
  </component>
</application>