<application>
  <component name="FindSettings">
    <option name="customScope" value="All Places" />
    <option name="defaultScopeName" value="All Places" />
    <option name="localWholeWordsOnly" value="true" />
    <option name="LOCAL_WHOLE_WORDS_ONLY" value="true" />
    <option name="SEARCH_SCOPE" value="All Places" />
    <option name="FILE_MASK" value="!*.log*" />
    <mask>*.css</mask>
    <mask>*.html</mask>
    <mask>*.jsp</mask>
    <mask>*.properties</mask>
    <mask>*.java</mask>
    <mask>*Resource.java</mask>
    <mask>*.xml</mask>
    <mask>!*.log*</mask>
  </component>
</application>