<application>
  <component name="FindSettings">
    <option name="caseSensitive" value="true" />
    <option name="customScope" value="All Places" />
    <option name="defaultScopeName" value="All Places" />
    <option name="CASE_SENSITIVE_SEARCH" value="true" />
    <option name="SEARCH_SCOPE" value="All Places" />
    <option name="FILE_MASK" value="!*.log*, !*Test.java, !*-test.js, !*spec.rb" />
    <mask>*.css</mask>
    <mask>*.html</mask>
    <mask>*.jsp</mask>
    <mask>*.properties</mask>
    <mask>*Resource.java</mask>
    <mask>*.xml</mask>
    <mask>*Test.java</mask>
    <mask>!*.log*</mask>
    <mask>!*.log*, !*.test</mask>
    <mask>!*.log*, !*Test.java</mask>
    <mask>!*.log*, !*Test.java, !*-test.js</mask>
    <mask>!*.log*, !*Test.java, !*-test.js, !*.spec.rb</mask>
    <mask>*.yaml</mask>
    <mask>*.hbs</mask>
    <mask>*.scss</mask>
    <mask>*-test.js</mask>
    <mask>*.java</mask>
    <mask>!*.log*, !*Test.java, !*-test.js, !*spec.rb</mask>
  </component>
</application>