<keymap version="1" name="Default for GNOME copy" parent="Default for GNOME">
  <action id="ActivateDatabaseToolWindow">
    <keyboard-shortcut first-keystroke="ctrl alt d" />
  </action>
  <action id="Hotswap">
    <keyboard-shortcut first-keystroke="ctrl alt r" />
  </action>
  <action id="NextSplitter">
    <keyboard-shortcut first-keystroke="alt right" />
  </action>
  <action id="PrevSplitter">
    <keyboard-shortcut first-keystroke="alt left" />
  </action>
  <action id="SelectInProjectView">
    <keyboard-shortcut first-keystroke="alt z" />
  </action>
  <action id="UpdateRunningApplication" />
  <action id="android.deploy.ApplyChanges">
    <keyboard-shortcut first-keystroke="ctrl f10" />
  </action>
  <action id="android.deploy.CodeSwap">
    <keyboard-shortcut first-keystroke="ctrl alt f10" />
  </action>
</keymap>